state-code,3-to-2-ratio
30,1.9258072813150324
03,1.5042161745955236
04,1.2482660763507936
10,0.1115822158623265
05,0.119636876454679
09,0.1274482950343172
